 ,epochs,loss MSE,accuracy MAPE,val loss MSE,val accuracy MAPE,test loss MSE,test accuracy MAPE,params
NE,19633,4.929741521664255e-07,0.0012289136316658998,4.917371825285954e-07,0.0013016460562697923,7.504958716708643e-07,0.0015056955523322848,242
MLP,10843,6.270896392379655e-06,0.0036561559120921946,7.191223176050698e-06,0.004392984004822258,7.515292054449674e-06,0.004534217718470641,231
