 ,epochs,loss MSE,accuracy MAPE,val loss MSE,val accuracy MAPE,test loss MSE,test accuracy MAPE,params
NE,9885,1.1026229174149195e-07,0.00045061091087690363,6.577503341986812e-08,0.0004567921698667205,7.710524840831567e-08,0.0005049820120847742,228
MLP,6136,6.305390911620634e-07,0.0012861582214758395,4.745537296457769e-07,0.0012535861170624538,5.984629751765169e-07,0.0013910065185573875,217
