 ,epochs,loss MSE,accuracy MAPE,val loss MSE,val accuracy MAPE,test loss MSE,test accuracy MAPE,params
NE,7043,3.3027399126694945e-07,0.0012481224987797566,2.9372054655141255e-07,0.0014232194703536968,3.1824754387344e-07,0.0014244512420400824,343
MLP,8144,2.382811999268597e-06,0.003498281562258923,2.8505423870228697e-06,0.004066337429423393,4.138682470511412e-06,0.0045931610544513056,353
