 ,epochs,loss MSE,accuracy MAPE,val loss MSE,val accuracy MAPE,test loss MSE,test accuracy MAPE,params
NE,11437,2.45525029640703e-07,0.0011233915660868923,1.9689210262185955e-07,0.0011591820240620969,1.7160884624445316e-07,0.001111457022793928,421
MLP,6480,8.149967811732495e-07,0.002080359683437966,6.942918844288215e-07,0.002106271803741871,6.002813393024553e-07,0.002012474172573181,453
