 ,epochs,loss MSE,accuracy MAPE,val loss MSE,val accuracy MAPE,test loss MSE,test accuracy MAPE,params
NE,11054,4.996068128093611e-07,0.000880746293362859,4.171533589669707e-07,0.0009514459663703567,7.623993383276684e-07,0.0012116117600405169,203
MLP,6220,1.0010921869252344e-05,0.004741943177408916,1.08815465864609e-05,0.005421496039489545,2.373975257796701e-05,0.007093136787289965,217
