 ,epochs,loss MSE,accuracy MAPE,val loss MSE,val accuracy MAPE,test loss MSE,test accuracy MAPE,params
NE,20000,2.564671603977331e-07,0.0007935131194555171,2.486841594873113e-07,0.000894109372381108,2.7981511152574967e-07,0.0009735125449697959,272
MLP,8023,5.607158527709544e-06,0.004032987377659621,6.355483037623344e-06,0.0044394224798725325,7.464508144039428e-06,0.004763183167352538,297
