 ,epochs,loss MSE,accuracy MAPE,val loss MSE,val accuracy MAPE,test loss MSE,test accuracy MAPE,params
NE,4940,2.802729852646735e-07,0.0010425743306490276,1.7393229256867929e-07,0.001066057750874605,1.8717823024871905e-07,0.0010660791015705828,346
MLP,5353,5.046697992838745e-07,0.0014635811592534486,3.536561905548297e-07,0.0015697265899712552,3.490495430469309e-07,0.0015220098002439,353
