 ,epochs,loss MSE,accuracy MAPE,val loss MSE,val accuracy MAPE,test loss MSE,test accuracy MAPE,params
NE,12477,5.49659716853057e-07,0.0010403175661521694,3.416631670916104e-07,0.00107435671687585,3.3827916467998875e-07,0.0010741452579575705,365
MLP,5621,9.153537803285872e-07,0.0015189249929401284,8.010114811440872e-07,0.0015774217123912372,7.903499863459729e-07,0.00164371655347623,371
