 ,epochs,loss MSE,accuracy MAPE,val loss MSE,val accuracy MAPE,test loss MSE,test accuracy MAPE,params
NE,13761,5.656672215081926e-07,0.0016074492160113567,5.273311103337619e-07,0.0018848397238903738,5.74279397369537e-07,0.0018975833123250213,499
MLP,7283,2.133471070919768e-06,0.003265737038210151,4.058925696881488e-06,0.004747737547219295,4.615687885234365e-06,0.004327242943387947,543
