 ,epochs,loss MSE,accuracy MAPE,val loss MSE,val accuracy MAPE,test loss MSE,test accuracy MAPE,params
NE,6935,3.015906315795292e-07,0.000689334142932635,1.5609523984494444e-07,0.0007062480632544968,1.6948797565419227e-07,0.0006989992984150805,228
MLP,4208,4.695427833212307e-06,0.0029238068562897775,2.942020273621893e-06,0.003002460420363056,2.8619326712941984e-06,0.0029837369923772106,217
