 ,epochs,loss MSE,accuracy MAPE,val loss MSE,val accuracy MAPE,test loss MSE,test accuracy MAPE,params
NE,15175,5.444538828669465e-07,0.001718601770288689,3.802733772317879e-07,0.0016990423110024083,3.800628860517463e-07,0.001690497881984246,468
MLP,3745,2.485510549377068e-06,0.003783615742343824,2.442513732603402e-06,0.00396791663378111,2.3383092866424704e-06,0.003949942856111902,453
