 ,epochs,loss MSE,accuracy MAPE,val loss MSE,val accuracy MAPE,test loss MSE,test accuracy MAPE,params
NE,16594,1.2831404205826402e-07,0.0005929852306258399,1.1292114976413361e-07,0.0006596052928734562,1.1281836265197853e-07,0.0006475633147163503,272
MLP,3716,6.983541879890254e-06,0.0045560408638335775,3.7696779600082655e-06,0.0036957334238666615,7.0073106144263875e-06,0.004553119154730841,297
