 ,epochs,loss MSE,accuracy MAPE,val loss MSE,val accuracy MAPE,test loss MSE,test accuracy MAPE,params
NE,7554,1.480145641608033e-07,0.0006986082832011259,2.006624271189139e-07,0.0007721109670143695,2.5887609922392585e-07,0.000857384634090092,346
MLP,2373,0.0001095360712497,0.015145731617976738,0.0001109305085265,0.01510954013158319,0.00012739501835312694,0.016916611020848352,353
