 ,epochs,loss MSE,accuracy MAPE,val loss MSE,val accuracy MAPE,test loss MSE,test accuracy MAPE,params
NE,9155,2.722415501921205e-07,0.0006223862268555577,2.230821536386429e-07,0.000666198299961077,2.0257721189409494e-07,0.0006877313190189739,258
MLP,8837,5.11405005454435e-07,0.0010333943344598172,5.774319902229763e-07,0.001173363917417986,4.473265278193139e-07,0.001121207069123904,281
