 ,epochs,loss MSE,accuracy MAPE,val loss MSE,val accuracy MAPE,test loss MSE,test accuracy MAPE,params
NE,5078,2.505111069694977e-07,0.0007417733382892433,1.564454663594006e-07,0.0007484355571746098,1.593318614823147e-07,0.0007607554315880921,488
MLP,5383,3.057672586237459e-07,0.0009223454073937169,2.5170336925839365e-07,0.0009567509830235077,2.569186960954539e-07,0.0009550916431940013,453
