 ,epochs,loss MSE,accuracy MAPE,val loss MSE,val accuracy MAPE,test loss MSE,test accuracy MAPE,params
NE,9200,1.2826872364257724e-07,0.00044838313911243523,6.030641941379146e-08,0.000412671343891822,8.689728758781712e-08,0.0004885032443214909,258
MLP,7066,1.1595861906243954e-06,0.001663239901641294,8.904830792744178e-07,0.0017256981386085668,9.880112656901474e-07,0.0018334406543796698,281
