 ,epochs,loss MSE,accuracy MAPE,val loss MSE,val accuracy MAPE,test loss MSE,test accuracy MAPE,params
NE,6904,3.284825993432605e-07,0.0009939036023025398,1.6608227326742053e-07,0.0009721373411769702,1.581690440843886e-07,0.0009673166487720905,228
MLP,8132,1.3171385262467084e-06,0.0020957449436881134,7.212520927168953e-07,0.0022180047259536366,6.86071359723428e-07,0.0021558911897295815,217
