 ,epochs,loss MSE,accuracy MAPE,val loss MSE,val accuracy MAPE,test loss MSE,test accuracy MAPE,params
NE,5113,3.61282786798256e-07,0.0008845811712516979,2.737322688517452e-07,0.0009404551049270968,2.2537639665642928e-07,0.000869761879045849,272
MLP,7086,9.709351616038475e-07,0.0016552943028299856,8.010858323359571e-07,0.0017161683408499705,7.959944241520134e-07,0.001712400627455847,297
